reactor_id,mode,final_iae,final_ise,final_itae
1,PID,30782.290000000008,8341.030199999868,4013213232.3247914
2,ONOFF,38488.55000000059,22428.746089999735,5343844828.077917
